指标,我们的方法（强化学习）
完整断言正确率,95.00%（190/200）
完整断言错误率,1.00%
完整断言不确定率,4.00%
关系粒度 L1,2.00%
关系粒度 L2,4.50%
关系粒度 L3,93.50%
关系粒度 uncertain,0.00%
具体且正确覆盖（L3且正确/全部断言）,88.50%
L3 内完整断言正确率,94.65%
实体所指正确率,100.00%（100/100）
实体引用支持率,97.00%（97/100）
类型标签兼容正确率,84.81%（100实体宏平均）
最具体正确类型 L1,19
最具体正确类型 L2,47
最具体正确类型 L3,32
最具体正确类型 none,2
正确且 L2/L3 类型覆盖,79.00%
正确且 L3 类型覆盖,32.00%
抽样实体无类型字段数,0
抽样实体无描述字段数,0
实体描述上下文支持率,91.29%（100实体宏平均）
整段描述支持率（诊断）,79.00%
别名同一性正确率,93.33%（28/30）
实体拆分正确率,83.33%（25/30）
Book QA 支持率,16.67%（4/24）
完整事实探针覆盖,50.00%（24/48）
图实体数,1354
图断言数,2708
语义评测候选断言数,2708
别名条目数,3723
实体引用存在率,100.00%
断言引用存在率,100.00%
孤立实体率,20.83%
最大连通分量占比,73.04%
原生类型字段覆盖,1354/1354
原生描述字段覆盖,1354/1354
原生别名字段覆盖,1339/1354
构图输入 Token（million）,465.142485
构图输出 Token（million）,45.316314
构图总 Token（million）,510.458799
