指标,GraphRAG
完整断言正确率,91.00%（182/200）
完整断言错误率,1.00%
完整断言不确定率,8.00%
关系粒度 L1,3.00%
关系粒度 L2,5.50%
关系粒度 L3,91.50%
关系粒度 uncertain,0.00%
具体且正确覆盖（L3且正确/全部断言）,84.00%
L3 内完整断言正确率,91.80%
实体所指正确率,99.00%（99/100）
实体引用支持率,95.00%（95/100）
类型标签兼容正确率,94.58%（100实体宏平均）
最具体正确类型 L1,78
最具体正确类型 L2,17
最具体正确类型 L3,2
最具体正确类型 none,3
正确且 L2/L3 类型覆盖,19.00%
正确且 L3 类型覆盖,2.00%
抽样实体无类型字段数,0
抽样实体无描述字段数,0
实体描述上下文支持率,96.85%（100实体宏平均）
整段描述支持率（诊断）,91.00%
别名同一性正确率,N/A
实体拆分正确率,26.67%（8/30）
Book QA 支持率,54.17%（13/24）
完整事实探针覆盖,79.17%（38/48）
图实体数,8317
图断言数,19060
语义评测候选断言数,19060
别名条目数,0
实体引用存在率,100.00%
断言引用存在率,100.00%
孤立实体率,3.67%
最大连通分量占比,92.12%
原生类型字段覆盖,8317/8317
原生描述字段覆盖,8317/8317
原生别名字段覆盖,0/8317
构图输入 Token（million）,5.482614
构图输出 Token（million）,4.191030
构图总 Token（million）,9.673644
