指标,AutoSchemaKG
完整断言正确率,74.50%（149/200）
完整断言错误率,11.50%
完整断言不确定率,14.00%
关系粒度 L1,3.50%
关系粒度 L2,13.00%
关系粒度 L3,83.50%
关系粒度 uncertain,0.00%
具体且正确覆盖（L3且正确/全部断言）,61.50%
L3 内完整断言正确率,73.65%
实体所指正确率,99.00%（99/100）
实体引用支持率,98.00%（98/100）
类型标签兼容正确率,78.92%（100实体宏平均）
最具体正确类型 L1,2
最具体正确类型 L2,49
最具体正确类型 L3,47
最具体正确类型 none,2
正确且 L2/L3 类型覆盖,96.00%
正确且 L3 类型覆盖,47.00%
抽样实体无类型字段数,0
抽样实体无描述字段数,100
实体描述上下文支持率,N/A
整段描述支持率（诊断）,N/A
别名同一性正确率,N/A
实体拆分正确率,13.33%（4/30）
Book QA 支持率,66.67%（16/24）
完整事实探针覆盖,75.00%（36/48）
图实体数,29219
图断言数,38783
语义评测候选断言数,10288
别名条目数,0
实体引用存在率,100.00%
断言引用存在率,100.00%
孤立实体率,0.00%
最大连通分量占比,70.54%
原生类型字段覆盖,29219/29219
原生描述字段覆盖,0/29219
原生别名字段覆盖,0/29219
构图输入 Token（million）,17.736773
构图输出 Token（million）,9.539398
构图总 Token（million）,27.276171
