指标,我们的方法（强化学习）,GraphRAG,AutoSchemaKG,KGGen
完整断言正确率,94.00%（188/200）,未完成（198/200）,70.50%（141/200）,67.50%（135/200）
完整断言错误率,1.50%,未完成（198/200）,11.50%,21.50%
完整断言不确定率,4.50%,未完成（198/200）,18.00%,11.00%
关系粒度 L1,1.00%,3.50%,4.00%,7.00%
关系粒度 L2,4.50%,3.50%,13.50%,10.00%
关系粒度 L3,94.50%,93.00%,82.50%,81.50%
关系粒度 uncertain,0.00%,0.00%,0.00%,1.50%
具体且正确覆盖（L3且正确/全部断言）,88.50%,未完成,57.00%,55.50%
L3 内完整断言正确率,93.65%,未完成,69.09%,68.10%
实体所指正确率,100.00%（100/100）,100.00%（100/100）,98.00%（98/100）,89.00%（89/100）
实体引用支持率,98.00%（98/100）,97.00%（97/100）,96.00%（96/100）,87.00%（87/100）
类型标签兼容正确率,82.55%（100实体宏平均）,93.83%（100实体宏平均）,80.16%（100实体宏平均）,N/A
最具体正确类型 L1,15,80,2,N/A
最具体正确类型 L2,47,16,40,N/A
最具体正确类型 L3,35,0,55,N/A
最具体正确类型 none,3,4,3,N/A
正确且 L2/L3 类型覆盖,82.00%,16.00%,95.00%,N/A
正确且 L3 类型覆盖,35.00%,0.00%,55.00%,N/A
抽样实体无类型字段数,0,0,0,100
抽样实体无描述字段数,0,0,100,100
整段描述支持率,84.00%（84/100）,91.00%（91/100）,N/A,N/A
整段描述不支持率,16.00%,9.00%,N/A,N/A
整段描述不确定率,0.00%,0.00%,N/A,N/A
别名同一性正确率,96.67%（29/30）,N/A,N/A,未完成（29/30）
语义重复率（越低越好）,5.00%（5/100）,37.00%（37/100）,42.00%（42/100）,54.55%（54/99）
语义重复不确定率,0.00%,0.00%,0.00%,0.00%
语义重复排除的超大实体数,0,20,30,21
完整事实探针覆盖（参考）,52.08%（25/48）,77.08%（37/48）,81.25%（39/48）,37.50%（18/48）
图实体数,1354,8317,29219,12339
图断言数,2708,19060,38783,22703
语义评测候选断言数,2708,19060,10288,22703
别名条目数,3723,0,0,1351
实体引用存在率,100.00%,100.00%,100.00%,89.27%
断言引用存在率,100.00%,100.00%,100.00%,100.00%
孤立实体率,20.83%,3.67%,0.00%,13.63%
最大连通分量占比,73.04%,92.12%,70.54%,80.23%
原生类型字段覆盖,1354/1354,8317/8317,29219/29219,0/12339
原生描述字段覆盖,1354/1354,8317/8317,0/29219,0/12339
原生别名字段覆盖,1339/1354,0/8317,0/29219,942/12339
构图输入 Token（million）,465.142485,5.482614,17.736773,12.348319
构图输出 Token（million）,45.316314,4.191030,9.539398,13.113802
构图总 Token（million）,510.458799,9.673644,27.276171,25.462121
