指标,我们的方法,GraphRAG,AutoSchemaKG,KGGen
完整断言确认正确率,92.0%（184/200）,78.0%（156/200）,75.5%（151/200）,69.5%（139/200）
完整断言明确错误率,2.0%（4/200）,1.0%（2/200）,5.5%（11/200）,17.5%（35/200）
完整断言不确定率,6.0%（12/200）,21.0%（42/200）,19.0%（38/200）,13.0%（26/200）
关系L1：泛关联,2.0%（4/200）,4.0%（8/200）,8.0%（16/200）,4.5%（9/200）
关系L2：粗粒度关系,3.0%（6/200）,3.0%（6/200）,15.0%（30/200）,11.0%（22/200）
关系L3：具体关系,95.0%（190/200）,93.0%（186/200）,77.0%（154/200）,84.5%（169/200）
具体且正确 / 全部断言,87.5%（175/200）,73.5%（147/200）,60.0%（120/200）,58.5%（117/200）
具体关系内部的断言正确率,92.1%（175/190）,79.0%（147/186）,77.9%（120/154）,69.2%（117/169）
指标,我们的方法,GraphRAG,AutoSchemaKG,KGGen
实体所指正确率（100条）,100.0%（100/100）,93.0%（93/100）,97.0%（97/100）,92.0%（92/100）
实体引用支持率（100条）,100.0%（100/100）,89.0%（89/100）,96.0%（96/100）,91.0%（91/100）
类型标签兼容正确率（实体宏平均）,84.95%,87.94%,83.80%,N/A
描述上下文支持率（实体宏平均）,95.25%,90.62%,N/A,N/A
整段描述全部支持（辅助，100条）,91.0%（91/100）,81.0%（81/100）,N/A,N/A
别名同一性正确率（30条）,96.7%（29/30）,N/A,N/A,63.3%（19/30）
实体拆分正确率（30条）,90.0%（27/30）,43.3%（13/30）,13.3%（4/30）,3.3%（1/30）
指标,我们的方法,GraphRAG,AutoSchemaKG,KGGen
最具体正确类型仍为泛类L1,23.0%（23/100）,62.0%（62/100）,3.0%（3/100）,N/A
最具体正确类型为一般类别L2,55.0%（55/100）,24.0%（24/100）,63.0%（63/100）,N/A
最具体正确类型为具体类别L3,16.0%（16/100）,4.0%（4/100）,34.0%（34/100）,N/A
有类型标签但无确认正确类型,3.0%（3/100）,10.0%（10/100）,0.0%（0/100）,N/A
类型字段缺失,3.0%（3/100）,0.0%（0/100）,0.0%（0/100）,N/A
正确且L2/L3类型覆盖,71.0%（71/100）,28.0%（28/100）,97.0%（97/100）,N/A
指标,我们的方法,GraphRAG,AutoSchemaKG,KGGen
Book QA支持率（24题）,54.2%（13/24）,58.3%（14/24）,66.7%（16/24）,12.5%（3/24）
完整事实覆盖（48探针）,83.3%（40/48）,95.8%（46/48）,93.8%（45/48）,58.3%（28/48）
指标,我们的方法,GraphRAG,AutoSchemaKG,KGGen
节点数,"2,140","11,407","41,960","12,925"
完整提交图边数,"3,309","31,542","56,149","34,539"
语义评测范围内断言数,"3,309","31,542","19,965","34,539"
实体引用存在率,100.00%,100.00%,100.00%,94.80%
断言引用存在率,100.00%,100.00%,100.00%,100.00%
完整图孤立节点率,32.71%,1.73%,0.0024%,8.82%
最大连通分量节点占比,60.14%,96.64%,60.84%,86.13%
别名条目数,"4,542",0,0,"1,301"
指标,我们的方法,GraphRAG,AutoSchemaKG,KGGen
有类型的节点 / 全部节点,"2,093/2,140","11,407/11,407","41,959/41,960","0/12,925"
有描述的节点 / 全部节点,"2,140/2,140","11,407/11,407","0/41,960","0/12,925"
有别名的节点 / 全部节点,"2,111/2,140","0/11,407","0/41,960","964/12,925"
指标,我们的方法,GraphRAG,AutoSchemaKG,KGGen
构图输入Token（M）,未记录,9.045,25.232,12.645
构图输出Token（M）,未记录,5.676,14.430,14.038
构图总Token（M）,未记录,14.722,39.662,26.683
