指标,KGGen
完整断言正确率,65.00%（130/200）
完整断言错误率,21.50%
完整断言不确定率,13.50%
关系粒度 L1,6.00%
关系粒度 L2,11.50%
关系粒度 L3,80.50%
关系粒度 uncertain,2.00%
具体且正确覆盖（L3且正确/全部断言）,52.50%
L3 内完整断言正确率,65.22%
实体所指正确率,88.00%（88/100）
实体引用支持率,86.00%（86/100）
类型标签兼容正确率,N/A
最具体正确类型 L1,N/A
最具体正确类型 L2,N/A
最具体正确类型 L3,N/A
最具体正确类型 none,N/A
正确且 L2/L3 类型覆盖,N/A
正确且 L3 类型覆盖,N/A
抽样实体无类型字段数,100
抽样实体无描述字段数,100
实体描述上下文支持率,N/A
整段描述支持率（诊断）,N/A
别名同一性正确率,16.67%（5/30）
实体拆分正确率,0.00%（0/30）
Book QA 支持率,25.00%（6/24）
完整事实探针覆盖,41.67%（20/48）
图实体数,12339
图断言数,22703
语义评测候选断言数,22703
别名条目数,1351
实体引用存在率,89.27%
断言引用存在率,100.00%
孤立实体率,13.63%
最大连通分量占比,80.23%
原生类型字段覆盖,0/12339
原生描述字段覆盖,0/12339
原生别名字段覆盖,942/12339
构图输入 Token（million）,12.348319
构图输出 Token（million）,13.113802
构图总 Token（million）,25.462121
